campus,entity,L1,L1_2021,L2,L3,persistence,L4,L5,n_wos,n_years_active,tau_campus,r_L1,r_L2,r_L3,r_L4,r_L5,n_ledgers,mean_rank,meii,meii_iqr,L6,meii_obs_boot,mean_rank_obs,noise_floor_p95,noise_floor_median,significant,cost_floor_p95,significant_costfloor,rank_sd_L1,rank_sd_L2,rank_sd_L3,rank_sd_L4,rank_sd_L5,meii_class
1,B20,251170.59039735,272742.6251112198,2813.25,1180.6666666666663,0.9166666666666666,97305.78369607,0.4779251548360073,1288,6,1102.8,0.2666666666666666,0.4,0.3333333333333333,0.2,0.7333333333333333,5,0.3866666666666666,0.2076321533652991,0.1333333333333333,366423.8501112198,0.20763215336529914,0.3866666666666666,0.14605934866804426,0.059628479399994376,True,0.036514837167011066,True,0.02061786136626289,0.020447120858890805,0.029436935979591274,0.04170277381141212,0.11130663477404452,medium
1,B30,373655.92318347,401317.6134920525,1417.5,737.0,0.9166666666666666,255468.34252863,0.6668893466757261,804,6,1102.8,0.4,0.2,0.2666666666666666,0.4,1.0,5,0.4533333333333333,0.3176301133219092,0.1333333333333333,448520.3634920525,0.3176301133219092,0.4533333333333333,0.10110500592068733,0.03651483716701108,True,0.0365148371670111,True,0.03316212286720691,0.04390005686523156,0.006956975680691465,0.0029799313921990552,0.07266247581074102,high
1,C10,2195181.37066251,2382404.271471479,27039.75,8488.0,1.0,840631.16115041,0.2031640127694491,8488,6,1102.8,0.6,0.6,0.7333333333333333,0.4666666666666667,0.0666666666666666,5,0.4933333333333333,0.2564717874889512,0.1333333333333333,3282827.946471479,0.2564717874889512,0.49333333333333335,0.059628479399994404,0.0,True,0.030149269573347577,True,0.017568209223157546,0.022405550101303143,7.664372014446628e-15,0.028644612882364407,0.06631203642676031,medium
1,C20,215323.74386844,234691.7464488047,2410.0,706.75,0.9166666666666666,115695.49325301996,0.6441291290041065,771,6,1102.8,0.2,0.3333333333333333,0.2,0.2666666666666666,0.8666666666666667,5,0.3733333333333333,0.2812669747963865,0.1333333333333333,314944.74644880474,0.2812669747963865,0.37333333333333335,0.16695929510638882,0.04714045207910315,True,0.036514837167011066,True,0.020617861366262688,0.02070829007238813,0.006956975680691542,0.044771370167751054,0.22985780906936354,medium
1,C30,3055002.20806272,3315100.452764593,35521.5,5264.0,1.0,1951059.87282183,0.381790544493869,5264,6,1102.8,0.6666666666666666,0.6666666666666666,0.6666666666666666,0.7333333333333333,0.2,5,0.5866666666666667,0.2180723631172816,0.0,4497966.402764593,0.21807236311728165,0.5866666666666667,0.059628479399994404,0.029814239699997188,True,0.0,True,2.99910209260955e-15,0.011711696311686167,2.99910209260955e-15,0.002108185106778921,0.0729382081245948,medium
1,D10,1287109.97160417,1384022.861059567,1492.5,1202.7083333333337,0.9583333333333334,1113764.1575500602,0.6461840905671781,1255,6,1102.8,0.4666666666666667,0.2666666666666666,0.4,0.6,0.9333333333333332,5,0.5333333333333334,0.2538591035287969,0.1999999999999999,1433723.111059567,0.2538591035287969,0.5333333333333334,0.08164965809277264,0.03651483716701107,True,0.0,True,1.1107785528183519e-14,0.04498073587585308,0.02943693597959103,0.03445855244029748,0.07193269138484656,medium
1,D20,9030919.11940466,9780730.037393756,118127.11,30510.0,1.0,4439012.84716039,0.4271442668215578,30510,6,1102.8,0.9333333333333332,0.8666666666666667,0.8666666666666667,0.8666666666666667,0.4,5,0.7866666666666667,0.2180723631172816,0.0,13714362.800393756,0.21807236311728168,0.7866666666666667,0.08944271909999162,0.059628479399994376,True,0.0,True,2.2215571056367038e-14,0.01713022345641687,5.9982041852191e-15,0.0166764735912032,0.08522279711068852,medium
1,D30,17578298.58175888,19044704.62933413,225149.07,31593.0,1.0,11382071.576480038,0.434561599899394,31593,6,1102.8,1.0,1.0,0.9333333333333332,1.0,0.4666666666666667,5,0.8800000000000001,0.2328566559543063,0.0666666666666666,26542168.66033413,0.23285665595430638,0.8800000000000001,0.11925695879998875,0.029814239699997188,True,0.0,True,0.0,0.0,2.2215571056367038e-14,0.0,0.10516113021336441,medium
1,D40,4037615.72624785,4373691.590099596,40665.95,17686.0,1.0,1501129.07355737,0.4650868600307529,17686,6,1102.8,0.7333333333333333,0.7333333333333333,0.8,0.6666666666666666,0.6666666666666666,5,0.72,0.0557773351022717,0.0666666666666666,5727867.725099595,0.05577733510227173,0.72,0.11925695879998875,0.08944271909999157,False,0.0,True,7.664372014446628e-15,0.009783781940319479,1.132994123874719e-14,0.0036527018931208563,0.08263374009246066,low
1,D50,7301158.9730864,7913948.478284336,90259.75,31765.0,1.0,2562025.41600462,0.4228293992694081,31765,6,1102.8,0.8666666666666667,0.8,1.0,0.8,0.3333333333333333,5,0.76,0.2521022720158538,0.0666666666666666,10919598.153284336,0.25210227201585383,0.76,0.08944271909999157,0.029814239699997188,True,0.0,True,5.9982041852191e-15,1.132994123874719e-14,0.0,1.132994123874719e-14,0.07255981773248664,medium
1,D90,5437250.30898542,5902478.835021541,141761.91999999998,2481.125,0.9583333333333334,5184546.97206985,0.4458296683639865,2589,6,1102.8,0.8,0.9333333333333332,0.5333333333333333,0.9333333333333332,0.5333333333333333,5,0.7466666666666667,0.2022100118413747,0.4,10623150.77102154,0.2022100118413747,0.7466666666666667,0.14907119849998596,0.059628479399994376,True,0.0,True,1.132994123874719e-14,0.017130223456416804,1.0774551962338014e-14,0.016676473591203583,0.1767356341354575,medium
1,E10,1941145.34212571,2104105.267412958,21808.05,3773.0,1.0,1035690.15274186,0.4639938675237812,3773,6,1102.8,0.5333333333333333,0.5333333333333333,0.6,0.5333333333333333,0.6,5,0.5599999999999999,0.036514837167011,0.0666666666666666,2830313.332412958,0.036514837167011066,0.5599999999999999,0.10110500592068732,0.036514837167011066,False,0.03014926957334758,True,0.01756820922315772,0.023260623640988694,1.132994123874719e-14,0.04186886541070444,0.10614132812949263,low
1,E20,366389.06866493,399162.7192604814,5413.5,1261.3333333333333,0.9166666666666666,139864.24820948,0.5652204800429813,1376,6,1102.8,0.3333333333333333,0.4666666666666667,0.4666666666666667,0.3333333333333333,0.8,5,0.48,0.1909042808436847,0.1333333333333333,579432.2692604815,0.19090428084368474,0.48,0.09428090415820635,0.036514837167011094,True,0.036514837167011066,True,0.0331621228672068,1.1107785528183519e-14,1.1107785528183519e-14,0.037303804042191545,0.09248287393274365,medium
1,G20,82538.29869883001,89252.72259106024,1227.0,432.5,0.8333333333333334,49993.93648803,0.3613349709965766,519,5,1102.8,0.1333333333333333,0.1333333333333333,0.1333333333333333,0.1333333333333333,0.1333333333333333,5,0.1333333333333333,0.0,0.0,130111.82259106023,0.0,0.13333333333333333,0.38758511609996354,0.23851391759997756,False,0.0,False,2.6936379905845034e-15,0.04820598666642753,2.6936379905845034e-15,0.015654483083717308,0.29510464071443093,low
1,G30,18860.49927273,20401.821051674237,193.5,56.66666666666666,0.6666666666666666,0.0,0.4032839316817111,85,6,1102.8,0.0666666666666666,0.0666666666666666,0.0666666666666666,0.0666666666666666,0.2666666666666666,5,0.1066666666666666,0.0894427190999915,0.0,26845.371051674232,0.08944271909999159,0.10666666666666666,0.3279566366999692,0.17888543819998315,False,0.0,True,1.3468189952922517e-15,1.3468189952922517e-15,1.3468189952922517e-15,1.3468189952922517e-15,0.2812003442985687,low
2,B10,707263.5,755357.2942018937,0.0,133.65,0.55,502275.45,,243,4,3187.52,0.2142857142857142,0.0714285714285714,0.1428571428571428,0.2857142857142857,,4,0.1785714285714285,0.0922138891954146,0.1071428571428571,755357.2942018937,0.09221388919541468,0.17857142857142855,0.06838765055402414,0.03571428571428571,True,0.050507627227610534,True,0.029111161168915288,8.191991827035345e-16,0.006366343239616624,0.0575709688755851,,low
2,B20,2037579.1,2246372.277168138,21596.33,421.4,0.7,1784199.39,1.0509234198072424,602,5,3187.52,0.5,0.7142857142857143,0.2857142857142857,0.5,0.5833333333333334,5,0.5166666666666667,0.1560386893124852,0.0833333333333333,2804853.370968138,0.1560386893124852,0.5166666666666667,0.18633899812498245,0.08518354199999201,False,0.039123039821797566,True,0.032356764756873366,0.0783942335885849,3.276796730814138e-15,0.03253345620605808,0.21072125542500944,medium
2,B30,1006792.68,1081532.9015048686,16284.63,761.8000000000001,0.65,327762.6,1.1162563224869693,1172,5,3187.52,0.2857142857142857,0.5,0.3571428571428571,0.1428571428571428,0.9166666666666666,5,0.4404761904761904,0.2957081511517671,0.2142857142857143,1502653.4333048686,0.29570815115176713,0.4404761904761904,0.16785292125728157,0.07788298682760059,True,0.06388765649999399,True,0.04028052233602905,0.07043492333611306,0.02905698873435783,0.05608760369882487,0.1176809195359973,high
2,C10,1333121.44,1442272.2410138473,15560.96,2899.2000000000003,0.8,777142.62,0.813121864428029,3624,5,3187.52,0.4285714285714285,0.4285714285714285,0.7142857142857143,0.4285714285714285,0.25,5,0.45,0.1667516789989822,0.0,1844678.6666138477,0.1667516789989822,0.45,0.1775125684714607,0.07453559924999299,False,0.06388765649999399,True,0.04014640934333712,0.11680406288941704,9.997006975365167e-15,0.05960500682384894,0.14083858700574656,medium
2,C30,4335653.17,4690266.317506554,17127.300000000003,1542.75,0.75,2966966.5000000005,0.8931529569961407,2057,5,3187.52,0.6428571428571429,0.5714285714285714,0.6428571428571429,0.6428571428571429,0.5,5,0.6,0.063887656499994,0.0714285714285715,5133178.295506554,0.06388765649999402,0.6,0.1894137033596254,0.0900365257199478,False,0.06388765649999402,False,0.04436264842395468,0.08960427939596195,0.016292452714186955,0.05371074406206995,0.21435998390762734,low
2,D10,4775234.709999999,5145285.24216241,20324.340000000004,1038.8,0.7,4267985.14,1.1015087500819567,1484,5,3187.52,0.7142857142857143,0.6428571428571429,0.5,0.7142857142857143,0.8333333333333334,5,0.680952380952381,0.1221036324281722,0.0714285714285714,5670872.67456241,0.12210363242817225,0.680952380952381,0.1632558773252852,0.08584918608462194,False,0.10832679205787929,True,0.07182515388275401,0.11871682914505807,0.0,0.09543640871338376,0.1733747402168647,medium
2,D20,12419282.0,13330707.236549936,112410.47,12744.0,0.8,7768021.02,1.055831903843392,15930,5,3187.52,0.9285714285714286,0.9285714285714286,0.9285714285714286,0.9285714285714286,0.6666666666666666,5,0.8761904761904763,0.117127370249989,0.0,16237641.990749937,0.11712737024998901,0.8761904761904763,0.07453559924999298,0.03726779962499651,True,0.0,True,0.002258769757263151,0.012386025096831142,1.0219162685928838e-14,0.013339919927336567,0.11565297924366137,low
2,D30,18944676.01,20427220.52903137,178555.06,16012.0,0.8,12491817.01,0.8327163972662257,20015,5,3187.52,1.0,1.0,1.0,1.0,0.3333333333333333,5,0.8666666666666666,0.2981423969999719,0.0,25044654.38063137,0.2981423969999719,0.8666666666666666,0.07453559924999298,0.03726779962499651,True,0.0,True,0.0,0.0,0.0,0.0,0.11302206586993323,high
2,D40,1054582.95,1148107.529899517,12518.260000000002,1423.1,0.7,695230.3499999999,1.1007246157887696,2033,5,3187.52,0.3571428571428571,0.3571428571428571,0.5714285714285714,0.3571428571428571,0.75,5,0.4785714285714285,0.1778557085426961,0.2142857142857142,1471829.7334995172,0.17785570854269617,0.47857142857142854,0.17407025453746897,0.0733858809877259,True,0.10832679205787929,True,0.06953091998923126,0.07861590852568025,0.016292452714186976,0.0909865878655547,0.22953079356257905,medium
2,D50,6804504.02,7441940.306106905,81178.2,7356.8,0.8,4724050.68,0.7757559716429501,9196,5,3187.52,0.7857142857142857,0.8571428571428571,0.8571428571428571,0.7857142857142857,0.1666666666666666,5,0.6904761904761905,0.2949883736515206,0.0714285714285714,9541208.558106905,0.29498837365152064,0.6904761904761905,0.13267268300719076,0.042591770999996,True,0.06388765649999396,True,0.04638022871236523,0.012386025096831309,6.6646713169101116e-15,0.07215981340971132,0.17637359521763402,high
2,D90,2829775.1,3119450.1560746147,11454.67,828.75,0.75,2708763.2,1.2082751441288029,1105,5,3187.52,0.5714285714285714,0.2857142857142857,0.4285714285714285,0.5714285714285714,1.0,5,0.5714285714285714,0.2672612419124244,0.1428571428571428,3415667.9222746147,0.2672612419124244,0.5714285714285714,0.22360679774997896,0.07824607964359517,True,0.11952286093343939,True,0.06730344897581371,0.0984358063680195,0.02905698873435797,0.0821732701301033,0.17398669843839437,medium
2,E10,7509446.34,8155135.616734847,41253.72,6141.6,0.8,5387592.31,0.7333501194363139,7677,5,3187.52,0.8571428571428571,0.7857142857142857,0.7857142857142857,0.8571428571428571,0.0833333333333333,5,0.6738095238095239,0.3320126899741256,0.0714285714285714,9221956.815934848,0.33201268997412564,0.6738095238095239,0.12535532601135183,0.03912303982179756,True,0.06388765649999396,True,0.035846316795670366,0.003192783634498984,1.3551498344383892e-14,0.04574854822131752,0.09046979181665465,high
2,E20,494053.59,542774.7963814952,5681.969999999999,118.3,0.7,429173.49,0.8344020301219127,169,5,3187.52,0.1428571428571428,0.1428571428571428,0.0714285714285714,0.2142857142857142,0.4166666666666667,5,0.1976190476190476,0.1324588671019154,0.0714285714285714,689710.5405814952,0.13245886710191548,0.19761904761904764,0.2442507130896194,0.08750736399317756,False,0.07824607964359516,True,0.04538203297200114,0.051552227128591116,8.191991827035345e-16,0.09955991906186987,0.3135019807675755,medium
2,G20,373079.48,401600.30276023503,6954.94,167.4,0.6,309850.53,,279,4,3187.52,0.0714285714285714,0.2142857142857142,0.2142857142857142,0.0714285714285714,,4,0.1428571428571428,0.0824786098842322,0.1428571428571428,581455.051160235,0.08247860988423225,0.14285714285714285,0.08987898137227081,0.03571428571428571,False,0.03912303982179758,True,0.031663126408839094,0.044408271116123485,0.006366343239616624,0.06615464958830934,,low
4,B20,632996.26,680556.1282803727,2500.95,3783.0,1.0,450099.67999999993,0.339758041573098,3783,5,735.0,0.2,0.2666666666666666,0.2666666666666666,0.2,0.6666666666666666,5,0.32,0.196638416050035,0.0666666666666666,763837.7632803727,0.196638416050035,0.32,0.10110500592068732,0.029814239699997188,True,0.0,True,0.005151038717242684,5.387275981169007e-15,5.387275981169007e-15,0.026771897808897764,0.10952326643278905,medium
4,B30,1199831.25,1297789.3347778078,6627.4,5024.0,1.0,722834.8299999998,0.1557843417081189,5024,5,735.0,0.4,0.3333333333333333,0.4,0.3333333333333333,0.2,5,0.3333333333333333,0.0816496580927726,0.0666666666666667,1518481.7547778075,0.08164965809277261,0.3333333333333333,0.17888543819998315,0.07302967433402217,False,0.029814239699997212,True,0.013827190285491595,1.499551046304775e-15,5.664970619373595e-15,0.04180080510357783,0.16487359981561986,low
4,C10,2763033.51,2984965.981460362,60853.02,21834.0,1.0,1160133.81,0.2063160870762365,21834,5,735.0,0.6,0.8,0.7333333333333333,0.5333333333333333,0.4,5,0.6133333333333333,0.1591644851508443,0.1999999999999999,5011371.547460362,0.1591644851508443,0.6133333333333333,0.10110500592068733,0.04714045207910316,True,0.036514837167011066,True,0.03337608203100871,0.03829301821655007,7.664372014446628e-15,0.02432265593210558,0.09454707071976494,medium
4,C20,194872.28,213280.35524412672,659.1500000000001,279.0,1.0,172350.31,0.7187916630829392,279,5,735.0,0.1333333333333333,0.1333333333333333,0.1333333333333333,0.1333333333333333,1.0,5,0.3066666666666666,0.3875851160999635,0.0,235230.05024412676,0.38758511609996354,0.30666666666666664,0.11925695879998881,0.0,True,0.0,True,2.6936379905845034e-15,0.011915059181639272,2.6936379905845034e-15,0.0029799313921989663,0.08800521718389702,high
4,C30,2715724.34,2939445.46446748,25388.140000000003,8289.0,1.0,2043525.1,0.2031481914334751,8289,5,735.0,0.5333333333333333,0.6,0.5333333333333333,0.6,0.3333333333333333,5,0.52,0.1095445115010332,0.0666666666666666,3784870.52646748,0.10954451150103321,0.52,0.11925695879998878,0.059628479399994376,False,0.055777335102271695,True,0.03442076747659944,0.01974039048118546,1.0774551962338014e-14,0.008369192118122346,0.1364722242851439,low
4,D10,940159.06,1026304.9271140776,1078.87,14414.0,1.0,744492.04,0.6105981395062314,14414,5,735.0,0.3333333333333333,0.2,0.6666666666666666,0.4,0.9333333333333332,5,0.5066666666666666,0.2928784351531839,0.3333333333333333,1062231.2981140777,0.29287843515318396,0.5066666666666666,0.14452988925785867,0.03651483716701108,True,0.05577733510227169,True,0.03345549852404829,0.011915059181639256,2.99910209260955e-15,0.04815312209620525,0.12064612492844257,high
4,D20,9939933.180000002,10695898.520560252,65565.44,47382.0,1.0,5259299.04,0.2490139051900519,47382,5,735.0,0.8666666666666667,0.9333333333333332,0.9333333333333332,0.9333333333333332,0.5333333333333333,5,0.8400000000000001,0.1738453974720706,0.0666666666666666,12879227.672560252,0.17384539747207065,0.8400000000000001,0.17409739950846603,0.07030094040780832,False,0.059628479399994376,True,0.026606455213247823,0.019170195233073648,2.2215571056367038e-14,0.04614484938649923,0.21121908618442103,medium
4,D30,11852801.4,12833195.604978098,63226.12,34982.0,1.0,7480376.370000001,0.1434224656932723,34982,5,735.0,1.0,0.8666666666666667,0.8666666666666667,1.0,0.1333333333333333,5,0.7733333333333333,0.3639291750388315,0.1333333333333333,14938625.400978098,0.3639291750388315,0.7733333333333333,0.10136841497999047,0.029814239699997188,True,0.029814239699997188,True,0.011025495978030181,0.02955676726877031,5.9982041852191e-15,0.005560958333859727,0.1222382988381168,high
4,D40,4908307.23,5322081.791434537,44465.27,25279.0,1.0,3112414.65,0.1125761152568709,25279,5,735.0,0.8,0.7333333333333333,0.8,0.7333333333333333,0.0666666666666666,5,0.6266666666666667,0.3148191720831358,0.0666666666666667,6802775.282434536,0.31481917208313587,0.6266666666666667,0.08944271909999157,0.029814239699997188,True,0.03651483716701113,True,0.027401860759521175,7.664372014446628e-15,1.132994123874719e-14,0.007262649613794254,0.076848939639373,high
4,D50,10819493.279999996,11723459.435645174,98617.08,54384.0,1.0,5174665.779999999,0.1731888465040107,54384,5,735.0,0.9333333333333332,1.0,1.0,0.8666666666666667,0.2666666666666666,5,0.8133333333333335,0.3105550586360564,0.1333333333333333,15007408.199645177,0.3105550586360564,0.8133333333333335,0.0816496580927726,0.036514837167011066,True,0.036514837167011066,True,0.022498285257018552,0.0,0.0,0.037782134824996046,0.0882838233572451,high
4,D90,3083751.51,3367610.084687786,36787.47,4165.0,1.0,2426531.45,0.4933810459557805,4165,5,735.0,0.6666666666666666,0.6666666666666666,0.3333333333333333,0.6666666666666666,0.8,5,0.6266666666666666,0.1738453974720706,0.0,4592632.835687786,0.17384539747207065,0.6266666666666666,0.05962847939999443,0.029814239699997188,True,0.02981423969999719,True,0.013575380570145878,2.99910209260955e-15,1.499551046304775e-15,0.008369192118122534,0.061952735447365674,medium
4,E10,1828958.94,1965022.9700380056,11396.69,11968.0,1.0,1015251.1,0.3112791705660614,11968,5,735.0,0.4666666666666667,0.4666666666666667,0.6,0.4666666666666667,0.6,5,0.52,0.0730296743340221,0.1333333333333333,2344532.747038006,0.07302967433402213,0.52,0.10152698119970427,0.029814239699997188,False,0.0,True,1.1107785528183519e-14,0.014809208148287746,1.132994123874719e-14,0.02934770782567659,0.1065679014743849,low
4,E20,835906.6499999999,907984.5097903928,10073.46,6225.0,1.0,539403.1,0.2333911290856451,6225,5,735.0,0.2666666666666666,0.4,0.4666666666666667,0.2666666666666666,0.4666666666666667,5,0.3733333333333333,0.1011050059206873,0.2,1243430.7277903927,0.10110500592068734,0.37333333333333335,0.11547005383792516,0.04714045207910316,False,0.036514837167011066,True,0.028903130392780113,0.014809208148287676,1.1107785528183519e-14,0.03790715642281297,0.12632187671287992,low
4,F10,23248.34,25099.20896458453,125.0,46.5,0.75,14112.91,0.520423869310786,62,5,735.0,0.0666666666666666,0.0666666666666666,0.0666666666666666,0.0666666666666666,0.8666666666666667,5,0.2266666666666666,0.3577708763999663,0.0,29261.70896458453,0.35777087639996635,0.22666666666666666,0.05962847939999443,0.029814239699997202,True,0.0,True,1.3468189952922517e-15,1.3468189952922517e-15,1.3468189952922517e-15,1.3468189952922517e-15,0.09415741673463736,high
4,G20,4492945.66,4883762.749922009,21302.9,2089.0,1.0,4291259.350000001,0.4735760628097296,2089,5,735.0,0.7333333333333333,0.5333333333333333,0.2,0.8,0.7333333333333333,5,0.6,0.2449489742783178,0.1999999999999999,5593149.3199220095,0.2449489742783178,0.6,0.11925695879998881,0.04714045207910318,True,0.03651483716701113,True,0.028244842085552044,0.019740390481185574,2.8324853096867974e-15,0.03256539496757011,0.13602530052720813,medium
5,B20,366274.8591,413390.9195796452,10046.98,3350.0,0.8928571428571429,108557.77779999998,0.8566776281570442,3752,7,342.54,0.1428571428571428,0.1428571428571428,0.4285714285714285,0.2857142857142857,1.0,5,0.4,0.3557114170853924,0.2857142857142857,673205.8223796452,0.3557114170853924,0.4,0.06388765649999402,0.0,True,0.0,True,1.638398365407069e-15,1.638398365407069e-15,3.3323356584550558e-15,0.03573530055257895,0.04677851050826561,high
5,B30,1347984.2230369002,1509758.743186141,47249.9,2963.3928571428573,0.8928571428571429,1085645.8060369005,0.629680939435939,3319,7,342.54,0.5714285714285714,0.7142857142857143,0.2857142857142857,0.5714285714285714,0.7142857142857143,5,0.5714285714285714,0.1749635530559413,0.1428571428571429,2731641.157186141,0.1749635530559413,0.5714285714285714,0.06388765649999402,0.0,True,0.0,True,0.010081281887209885,9.997006975365167e-15,3.276796730814138e-15,0.03202079720904676,0.08039338125001276,medium
5,C10,615796.7204,687209.0735088286,16057.1,8281.25,0.8928571428571429,83744.1682,0.4872260596147146,9275,7,342.54,0.4285714285714285,0.2857142857142857,0.5714285714285714,0.1428571428571428,0.4285714285714285,5,0.3714285714285714,0.1628822035855911,0.1428571428571428,1102445.6795088286,0.16288220358559113,0.3714285714285714,0.12777531299998798,0.06388765649999399,True,0.0,True,3.3323356584550558e-15,0.06971342770814781,6.553593461628276e-15,0.035735300552578994,0.09627057247760636,medium
5,D20,5023206.475842896,5585783.958389841,166495.89,48187.5,0.8928571428571429,1911212.011242896,0.4698824565139543,53970,7,342.54,0.8571428571428571,0.8571428571428571,0.8571428571428571,0.8571428571428571,0.2857142857142857,5,0.7428571428571428,0.2555506259999759,0.0,9891367.67378984,0.25555062599997597,0.7428571428571428,0.06388765649999402,0.06388765649999402,True,0.0,True,6.6646713169101116e-15,6.6646713169101116e-15,6.6646713169101116e-15,6.6646713169101116e-15,0.11148790069321673,medium
5,D30,11872656.21893174,13154414.807717282,364025.3600000001,90497.32142857143,0.8928571428571429,5625211.483231741,0.462049700541885,101357,7,342.54,1.0,1.0,1.0,1.0,0.1428571428571428,5,0.8285714285714286,0.3833259389999639,0.0,22568110.617317285,0.3833259389999639,0.8285714285714286,0.07666518779999276,0.0,True,0.0,True,0.0,0.0,0.0,0.0,0.11036422379805765,high
5,D40,1648363.2472377217,1840612.203036454,25438.45,27951.78571428572,0.8928571428571429,1264386.9076377216,0.6188466752406241,31306,7,342.54,0.7142857142857143,0.5714285714285714,0.7142857142857143,0.7142857142857143,0.5714285714285714,5,0.6571428571428571,0.0782460796435951,0.1428571428571429,2498450.5200364543,0.07824607964359519,0.6571428571428571,0.06388765649999402,0.0,True,0.0,True,0.01008128188721007,6.553593461628276e-15,9.997006975365167e-15,0.03202079720904675,0.07200184649404259,low
5,E20,465378.0064,508666.9962288177,16241.3,1797.321428571429,0.8928571428571429,311453.1474,0.7879847712434427,2013,7,342.54,0.2857142857142857,0.4285714285714285,0.1428571428571428,0.4285714285714285,0.8571428571428571,5,0.4285714285714285,0.2672612419124244,0.1428571428571428,928667.0142288178,0.2672612419124244,0.42857142857142855,0.06388765649999399,0.0,True,0.0,True,3.276796730814138e-15,0.0697134277081475,1.638398365407069e-15,3.3323356584550558e-15,0.051928548267263584,medium
8,B20,725104.3563,792658.9295618306,10471.7,3116.5714285714284,0.8571428571428571,293209.91659999994,0.6217146065965965,3636,7,977.7272,0.4117647058823529,0.4117647058823529,0.5882352941176471,0.4117647058823529,0.3529411764705882,5,0.4352941176470588,0.0892102993417829,0.0,1063457.0915618306,0.08921029934178296,0.4352941176470588,0.10522672835293127,0.04159451654038516,False,0.032218973970892135,True,0.028866523565493005,0.0037147363828974335,4.332036355991572e-15,0.01894261044075987,0.11255542673460577,low
8,B30,56776.15819999999,62034.76017182628,1382.1,289.1428571428571,0.8214285714285714,19430.4942,0.6261449474907581,352,7,977.7272,0.1176470588235294,0.2352941176470588,0.2941176470588235,0.0588235294117647,0.4117647058823529,5,0.2235294117647059,0.1404392516036861,0.1764705882352941,97775.86617182627,0.14043925160368614,0.2235294117647059,0.16637806616154058,0.06706914265289046,False,0.052613364176465637,True,0.028651421412063324,0.03900295595379504,2.166018177995786e-15,0.04087362661074088,0.1844491209673564,medium
8,C10,1017411.9416,1119840.0061903205,21483.050000000003,4472.571428571428,0.8571428571428571,485238.0843,0.6900415816408025,5218,7,977.7272,0.5882352941176471,0.5882352941176471,0.7647058823529411,0.5294117647058824,0.5294117647058824,5,0.6,0.0966569219126763,0.0588235294117647,1675391.6791903204,0.09665692191267634,0.6,0.11466816876245842,0.05261336417646565,False,0.032218973970892135,True,0.02767941894762731,0.04533493077075904,0.025135107760943857,0.029925096965313064,0.1440643606418153,low
8,C20,113079.52039999998,124297.40194466768,2226.17,224.25,0.8214285714285714,66910.1403,0.774379909745936,273,7,977.7272,0.2941176470588235,0.3529411764705882,0.2352941176470588,0.2941176470588235,0.7647058823529411,5,0.388235294117647,0.2145245003389466,0.0588235294117647,181866.1581446677,0.21452450033894668,0.38823529411764707,0.1578400925293969,0.04159451654038516,True,0.03221897397089213,True,0.01906545355350507,0.016604464284816288,5.664970619373595e-15,0.03128183094722985,0.1504355305169681,medium
8,C30,1325940.365,1465645.759842466,24473.71,2649.928571428571,0.8214285714285714,787312.2712000001,0.4856954260679081,3226,7,977.7272,0.6470588235294118,0.6470588235294118,0.5294117647058824,0.6470588235294118,0.0588235294117647,5,0.5058823529411764,0.2550527457491623,0.1176470588235294,2098535.900442466,0.25505274574916237,0.5058823529411764,0.07892004626469848,0.03221897397089213,True,0.04159451654038516,True,0.023016776197360637,0.03228577226603076,1.2996109067974718e-14,0.037613628211617574,0.05980758471468291,medium
8,D10,77397.96860000001,85119.05297162317,1333.5,701.5,0.8214285714285714,25066.3712,0.7226810875532218,854,7,977.7272,0.2352941176470588,0.1764705882352941,0.4705882352941176,0.1176470588235294,0.6470588235294118,5,0.3294117647058823,0.2224431811904592,0.2941176470588235,119603.36297162317,0.22244318119045925,0.32941176470588235,0.12197906678428072,0.05261336417646561,True,0.052613364176465637,True,0.03153969781093564,0.03605717944312247,1.132994123874719e-14,0.047784982073641485,0.1394046576412246,medium
8,D20,4667953.734499999,5139950.916344102,66203.1,13061.142857142857,0.8571428571428571,2699401.3921,0.5677861449930626,15238,7,977.7272,0.8235294117647058,0.8235294117647058,0.8823529411764706,0.8823529411764706,0.2352941176470588,5,0.7294117647058823,0.2777816224262963,0.0588235294117647,6851963.082344102,0.27778162242629634,0.7294117647058823,0.10522672835293125,0.02630668208823283,True,0.03221897397089213,True,0.016864326632843003,0.014935207754594126,6.1092820405009355e-15,0.03151772627414025,0.09044946091831015,medium
8,D30,8837049.6007,9742623.7609897,128284.38,17120.571428571428,0.8571428571428571,5789973.581900001,0.5317882138166442,19974,7,977.7272,0.9411764705882352,1.0,0.9411764705882352,0.9411764705882352,0.1764705882352941,5,0.7999999999999999,0.3494929594708928,0.0,13060057.8277897,0.34949295947089287,0.7999999999999999,0.05261336417646565,0.026306682088232825,True,0.032218973970892135,True,0.027520982236955472,0.015595924218506389,2.265988247749438e-14,2.265988247749438e-14,0.05162126228714326,high
8,D40,1501343.4337999998,1650061.8593933524,13966.6,4362.0,0.8571428571428571,927065.3992,0.733359063344023,5089,7,977.7272,0.7058823529411765,0.4705882352941176,0.7058823529411765,0.7058823529411765,0.7058823529411765,5,0.6588235294117648,0.1052267283529313,0.0,2011238.135393352,0.1052267283529313,0.6588235294117648,0.13153341044116412,0.052613364176465595,False,0.032218973970892135,True,0.01985142816795737,0.015782692547264523,0.025135107760943957,0.033836666598701805,0.11059541370411134,low
8,D50,5177538.2818,5702662.681916676,101593.32,24152.571428571428,0.8571428571428571,2100091.5081,0.4903031336370121,28178,7,977.7272,0.8823529411764706,0.8823529411764706,1.0,0.7647058823529411,0.1176470588235294,5,0.7294117647058823,0.3519594188623903,0.1176470588235294,8329865.937116676,0.35195941886239035,0.7294117647058823,0.049215295678475046,0.03221897397089213,True,0.03221897397089213,True,0.01650025507642661,0.029420595741873796,0.0,0.030861351416400316,0.043828311864831715,high
8,D90,867869.7203,966569.2387814987,26553.4,642.8571428571428,0.8571428571428571,740342.6129999999,1.1079515367317203,750,7,977.7272,0.4705882352941176,0.7058823529411765,0.4117647058823529,0.5882352941176471,0.9411764705882352,5,0.623529411764706,0.2104534567058625,0.2352941176470588,1653240.1627814989,0.21045345670586255,0.623529411764706,0.09843059135695009,0.05882352941176472,True,0.12752637287458118,True,0.08490014737704506,0.09029201214473864,6.6646713169101116e-15,0.07434422234158798,0.08349140737682678,medium
8,E10,3267009.7126,3630690.965251653,50691.600000000006,5317.928571428572,0.8214285714285714,2339263.3205,0.7001501651174412,6474,7,977.7272,0.7647058823529411,0.7647058823529411,0.8235294117647058,0.8235294117647058,0.5882352941176471,5,0.7529411764705881,0.0966569219126763,0.0588235294117647,4941575.741251653,0.09665692191267634,0.7529411764705881,0.10522672835293125,0.05261336417646565,False,0.0,True,0.0032186706587763185,0.02012039850431143,1.3329342633820223e-14,0.043086438890940965,0.13770807415216127,low
8,E20,872538.7125,960442.7918660502,20714.18,3520.642857142857,0.8214285714285714,375579.288,0.6173233492551966,4286,7,977.7272,0.5294117647058824,0.5294117647058824,0.6470588235294118,0.4705882352941176,0.2941176470588235,5,0.4941176470588235,0.1288758958835685,0.0588235294117647,1496111.4866660505,0.12887589588356851,0.49411764705882355,0.12759384902503051,0.05261336417646565,True,0.04921529567847504,True,0.03131458830658733,0.039954877549441346,1.0996707672901683e-14,0.029188637241537453,0.1043627335856832,medium
8,F10,37545.4766,40958.9444323643,630.3399999999999,86.25,0.8214285714285714,26069.5809,1.291852175167186,105,7,977.7272,0.0588235294117647,0.0588235294117647,0.1176470588235294,0.1764705882352941,1.0,5,0.2823529411764706,0.4041309185251216,0.1176470588235294,57259.53683236429,0.4041309185251216,0.2823529411764706,0.12406007530199643,0.03221897397089213,True,0.05261336417646565,True,0.022701076368314338,0.021917020516353473,0.01614717682924316,0.05479963083207532,0.12658636242555887,high
8,G20,9399503.6388,10395333.342324356,102401.78,369.6428571428571,0.8214285714285714,9364612.7428,1.0112612976247737,450,7,977.7272,1.0,0.9411764705882352,0.3529411764705882,1.0,0.8823529411764706,5,0.8352941176470587,0.2740191693847557,0.1176470588235294,13043443.373124355,0.2740191693847557,0.8352941176470587,0.06443794794178427,0.03221897397089213,True,0.032218973970892135,True,0.027520982236955524,0.03747409000374058,3.3323356584550558e-15,0.0,0.06086884617865056,medium
8,G30,68808.45169999999,76612.83772332937,899.84,80.75,0.6785714285714286,52649.7651,0.640572808830284,119,7,977.7272,0.1764705882352941,0.1176470588235294,0.0588235294117647,0.2352941176470588,0.4705882352941176,5,0.2117647058823529,0.158932424542427,0.1176470588235294,99882.70012332936,0.158932424542427,0.21176470588235294,0.16328149507558198,0.09173410538161583,False,0.06706914265289046,True,0.04005392764621293,0.03152146251586284,0.016147176829243368,0.03134515673961415,0.24831564723283395,medium
8,G40,156196.438,170383.35098620056,1677.0800000000002,214.39285714285717,0.8214285714285714,121203.488,0.8415583757166428,261,7,977.7272,0.3529411764705882,0.2941176470588235,0.1764705882352941,0.3529411764705882,0.8235294117647058,5,0.4,0.2474786349172073,0.0588235294117647,213752.63978620057,0.24747863491720737,0.4,0.1788849909863877,0.05261336417646565,True,0.03221897397089213,True,0.017850987594643916,0.033329644319283834,1.6661678292275279e-15,0.014519396992078465,0.2335149124476696,medium
9,B20,547841.02,606700.9061828993,7416.25,2167.857142857143,0.8928571428571429,266519.66000000003,0.438313310861969,2428,7,638.88,0.3571428571428571,0.3571428571428571,0.3571428571428571,0.3571428571428571,0.5714285714285714,5,0.4,0.0958314847499909,0.0,798485.1311828992,0.09583148474999097,0.4,0.12777531299998798,0.03194382824999703,False,0.0,True,4.9985034876825835e-15,4.9985034876825835e-15,4.9985034876825835e-15,0.008966991555131238,0.14036573397367305,low
9,B30,853948.9700000001,948061.6615425296,16179.2504,2256.25,0.8928571428571429,533394.6,0.4128908583071096,2527,7,638.88,0.4285714285714285,0.4285714285714285,0.4285714285714285,0.5,0.3571428571428571,5,0.4285714285714285,0.0505076272276105,0.0,1366457.0768865298,0.050507627227610534,0.42857142857142855,0.127775312999988,0.06388765649999399,False,0.0,True,0.002258769757263122,0.011157362216473324,3.3323356584550558e-15,0.04197425840894897,0.12977397721698225,low
9,C10,1470959.26,1632208.791282943,26969.9994,7702.5,0.9285714285714286,775022.83,0.4758916531477585,8295,7,638.88,0.5,0.5714285714285714,0.6428571428571429,0.5714285714285714,0.7142857142857143,5,0.6,0.0814411017927956,0.0714285714285715,2329652.975766943,0.0814411017927956,0.6,0.12371791482634838,0.07824607964359513,False,0.07824607964359519,True,0.054944671043329854,0.09612093493142505,1.888323539791198e-15,0.07616469828829457,0.15817541952178257,low
9,C20,80758.70000000001,89339.55994008703,1665.0,300.0,0.8928571428571429,36096.37,0.5303964297013457,336,7,638.88,0.1428571428571428,0.1428571428571428,0.1428571428571428,0.2142857142857142,0.7857142857142857,5,0.2857142857142857,0.2812145669289932,0.0714285714285714,132396.45994008702,0.28121456692899327,0.2857142857142857,0.095831484749991,0.03194382824999698,True,0.031943828249996996,True,0.019607286149795216,1.638398365407069e-15,1.638398365407069e-15,0.03252968843394003,0.12350091889035818,medium
9,C30,1726000.443,1904605.0615323167,36671.0022,4326.785714285715,0.8928571428571429,1117526.19,0.429734011585405,4846,7,638.88,0.6428571428571429,0.7857142857142857,0.5714285714285714,0.6428571428571429,0.5,5,0.6285714285714286,0.1059456926727951,0.0714285714285715,2852917.1784243165,0.10594569267279517,0.6285714285714286,0.12777531299998798,0.05050762722761051,False,0.03912303982179763,True,0.027031181372612095,0.02547940777625733,6.553593461628276e-15,0.04250919337410759,0.1355445550660022,low
9,D20,4812299.43,5326607.533705979,76170.7506,27178.357142857145,0.9285714285714286,1434338.01,0.3161096807492278,29269,7,638.88,0.8571428571428571,0.8571428571428571,0.8571428571428571,0.7857142857142857,0.0714285714285714,5,0.6857142857142857,0.3447862396042048,0.0714285714285714,7296383.144221978,0.34478623960420485,0.6857142857142857,0.0,0.0,True,0.0,True,6.6646713169101116e-15,6.6646713169101116e-15,6.6646713169101116e-15,0.00923826550989217,0.011789662378377775,high
9,D30,12070985.261000002,13381646.831278568,177213.9302,46450.857142857145,0.9285714285714286,5259869.72,0.365460167791961,50024,7,638.88,1.0,1.0,1.0,1.0,0.2142857142857142,5,0.8428571428571429,0.3513821107499669,0.0,17964399.06625057,0.35138211074996695,0.8428571428571429,0.07027642214999338,0.03194382824999698,True,0.0,True,0.0,0.0,0.0,0.0,0.08688790878117436,high
9,D40,2639138.13,2925378.9002901707,32356.7499,10822.5,0.9285714285714286,1161259.72,0.378194548516247,11655,7,638.88,0.7857142857142857,0.7142857142857143,0.7857142857142857,0.7142857142857143,0.2857142857142857,5,0.6571428571428571,0.2106840171964661,0.0714285714285714,3762124.4527041703,0.2106840171964661,0.6571428571428571,0.06388765649999402,0.03194382824999703,True,0.039123039821797566,True,0.032992682348016035,0.03478888312144878,1.3551498344383892e-14,0.040729392005885844,0.06270951685280314,medium
9,D50,5980719.791,6638721.200148774,90742.0105,43977.142857142855,0.9285714285714286,1731060.6409999998,0.3371123204485083,47360,7,638.88,0.9285714285714286,0.9285714285714286,0.9285714285714286,0.8571428571428571,0.1428571428571428,5,0.7571428571428571,0.3447862396042049,0.0714285714285715,8985309.591678774,0.3447862396042049,0.7571428571428571,0.03194382824999698,0.0,True,0.0,True,1.0219162685928838e-14,1.0219162685928838e-14,1.0219162685928838e-14,0.015084895912698447,0.020607388490023474,high
9,D90,1484612.262,1633387.46639251,26392.4996,8671.0,0.9285714285714286,479477.991,0.4222784439351514,9338,7,638.88,0.5714285714285714,0.5,0.7142857142857143,0.4285714285714285,0.4285714285714285,5,0.5285714285714285,0.1195228609334393,0.1428571428571428,2315897.50604851,0.11952286093343938,0.5285714285714285,0.09313146293146642,0.05050762722761051,True,0.039123039821797566,True,0.0359594758057839,0.041218927938855655,9.997006975365167e-15,0.037299716082569025,0.0955892015801159,medium
9,E10,2573015.18,2882597.269018353,29244.43,4107.071428571428,0.9285714285714286,2020201.26,0.5834283560999083,4423,7,638.88,0.7142857142857143,0.6428571428571429,0.5,0.9285714285714286,0.9285714285714286,5,0.7428571428571429,0.1862629258629328,0.2857142857142857,3638858.228818353,0.18626292586293283,0.7428571428571429,0.10832679205787929,0.06388765649999402,True,0.039123039821797566,True,0.03321168893006937,0.04746328019689215,0.0,0.01449704265974746,0.07019003438267356,medium
9,E20,242899.1,268503.6319257192,4359.75,1380.357142857143,0.8928571428571429,85074.7,0.4624581123142309,1546,7,638.88,0.2857142857142857,0.2857142857142857,0.2857142857142857,0.2857142857142857,0.6428571428571429,5,0.3571428571428571,0.159719141249985,0.0,381246.7669257192,0.159719141249985,0.3571428571428571,0.09583148474999102,0.03194382824999703,True,0.0,True,3.276796730814138e-15,3.276796730814138e-15,3.276796730814138e-15,3.276796730814138e-15,0.10894161941014498,medium
9,F10,69205.48000000001,76518.50558690663,825.0,257.1428571428572,0.8928571428571429,26373.07,0.5699144802611398,288,7,638.88,0.0714285714285714,0.0714285714285714,0.0714285714285714,0.1428571428571428,0.8571428571428571,5,0.2428571428571428,0.3447862396042048,0.0714285714285714,97853.00558690664,0.34478623960420485,0.24285714285714283,0.07824607964359515,0.03194382824999703,True,0.03194382824999701,True,0.01960728614979545,8.191991827035345e-16,8.191991827035345e-16,0.04589183088278819,0.09060567288745167,high
9,G40,155603.11,169710.6121856752,2545.25,1020.0,0.8571428571428571,22176.26,0.8406026907317456,1190,7,638.88,0.2142857142857142,0.2142857142857142,0.2142857142857142,0.0714285714285714,1.0,5,0.3428571428571428,0.3725258517258656,0.0,235530.7771856752,0.37252585172586566,0.34285714285714286,0.05050762722761051,0.0,True,0.0,True,1.6661678292275279e-15,1.6661678292275279e-15,1.6661678292275279e-15,0.040732840145356275,0.01928424450601559,high
